Date,Squaw-Siberia 8700',Squaw-Belmont 8000',Squaw-Red Dog 6200',Alpine-Summit 8643' (Ward Mt.),Alpine-Scott Btm 7075',Alpine-Scott Top 8120',Alpine-Roundhouse Btm 6950',Alpine-Roundhouse Top 7880',Alpine-Hot Wheels Top 7555',Alpine-Yellow Valve House 7640',Alpine-Sherwood Btm 7115',Squaw-Funitel Top
12/31/19,,72.4,83.8,,,,38.7,,,,,
12/30/19,,73.2,83.9,,,,39.1,,,,,
12/29/19,,73.8,78.2,,,,39.7,,,,,
12/28/19,,73.6,85.3,,,,39.7,,,,,
12/27/19,,74.4,19.5,,,,40.1,,,,,
12/26/19,,75.2,82.3,,,,40.6,,,,,
12/25/19,,74.6,15.5,,,,41,,,,,
12/24/19,,75.2,14.9,,,,41.9,,,,,
12/23/19,,76.5,13.4,,,,43.1,,,,,
12/22/19,,73.9,11,,,,39,,,,,
12/21/19,,72.5,83.3,,,,34.6,,,,,
12/20/19,,65.5,77.6,,,,35.5,,,,,
12/19/19,,66.6,13,,,,36,,,,,
12/18/19,,50.2,11.5,,,,36.2,,,,,
12/17/19,,68.1,17.9,,,,36.8,,,,,
12/16/19,,68.6,20.4,,,,37.5,,,,,
12/15/19,,69.4,19.9,,,,38.5,,,,,
12/14/19,,71.5,13.5,,,,40.6,,,,,
12/13/19,,67.6,81.9,,,,35.3,,,,,
12/12/19,,59.5,81.7,,,,28.7,,,,,
12/11/19,,62.6,83,,,,32.4,,,,,
12/10/19,,59.9,72.8,,,,31.1,,,,,
12/9/19,,61,83.4,,,,32.3,,,,,
12/8/19,,61.4,84,,,,30.7,,,,,
12/7/19,,58.1,81.4,,,,26.7,,,,,
12/6/19,,7.5,80.7,,,,21.2,,,,,
12/5/19,,5.4,81.5,,,,19.3,,,,,
12/4/19,,43.8,82,,,,,,,,,
12/3/19,,43.4,81.5,,,,18.9,,,,,
12/2/19,,47.4,81.9,,,,20.8,,,,,
12/1/19,,43.3,81,,,,19.4,,,,,
11/30/19,,29,84.3,,,,21.1,,,,,
11/29/19,,29.6,17.9,,,,23.4,,,,,
11/28/19,,26.3,15.5,,,,20.9,,,,,
11/27/19,,16,17.5,,,,16.5,,,,,
11/26/19,,6.8,,,,,6.1,,,,,
11/25/19,,0.3,1.4,,,,0.3,,,,,
11/24/19,,,0.3,,,,0,,,,,
11/23/19,,,2.2,,,,1,,,,,
11/22/19,,75,,,,,1.5,,,,,
11/21/19,,75,,,,,1.3,,,,,
11/20/19,,75,,,,,0.1,,,,,
11/19/19,,0.3,,,,,0.7,,,,,
11/18/19,,0,,,,,0,,,,,
11/17/19,,0.2,,,,,0,,,,,
11/16/19,,0.1,,,,,0,,,,,
11/15/19,,0,,,,,0.6,,,,,
11/14/19,,0,,,,,0,,,,,
11/13/19,,,,,,,0.1,,,,,
11/12/19,,,,,,,0,,,,,
11/11/19,,,,,,,0,,,,,
11/10/19,,,,,,,0,,,,,
11/9/19,,,,,,,0,,,,,
11/8/19,,,,,,,0,,,,,
11/7/19,,0.2,,,,,0,,,,,
11/6/19,,79.1,16.1,,,,0,,,,,
11/5/19,,,15.9,,,,1.3,,,,,
11/4/19,,,8.9,,,,1.2,,,,,
11/3/19,,,13.6,,,,1.5,,,,,
11/2/19,,,2.7,,,,1.1,,,,,
11/1/19,,,13.6,,,,1.4,,,,,
10/31/19,,,16.2,,,,2,,,,,
10/30/19,,,5.2,,,,1.4,,,,,
10/29/19,,,14.7,,,,1.8,,,,,
10/28/19,,,,,,,2,,,,,
10/27/19,,,12,,,,2.3,,,,,
10/26/19,,,16,,,,1.8,,,,,
10/25/19,,,21.4,,,,2.1,,,,,
10/24/19,,,19.7,,,,1.3,,,,,
10/23/19,,,21.1,,,,1.7,,,,,
10/22/19,,,13.2,,,,1.2,,,,,
10/21/19,,,15.4,,,,1.9,,,,,
10/20/19,,,19.4,,,,1.4,,,,,
10/19/19,,,17.3,,,,2.3,,,,,
10/18/19,,,14.3,,,,2.5,,,,,
10/17/19,,,19.6,,,,1.7,,,,,
10/16/19,,,16.6,,,,1.4,,,,,
10/15/19,,,20.2,,,,1.7,,,,,
10/14/19,,,16.1,,,,3.2,,,,,
10/13/19,,,15.8,,,,1.6,,,,,
10/12/19,,,18,,,,1.5,,,,,
10/11/19,,,15.7,,,,3.6,,,,,
10/10/19,,,19.6,,,,3.7,,,,,
10/9/19,,,20.2,,,,2.8,,,,,
10/8/19,,,20,,,,1.7,,,,,
10/7/19,,,14.8,,,,2.6,,,,,
10/6/19,,,14,,,,1.5,,,,,
10/5/19,,,14.3,,,,1.8,,,,,
10/4/19,,,15.1,,,,3.2,,,,,
10/3/19,,,19.5,,,,1.7,,,,,
10/2/19,,,18.3,,,,1.7,,,,,
10/1/19,,,18.1,,,,1.9,,,,,
9/30/19,,,17.4,,,,3.3,,,,,
9/29/19,,,1.6,,,,,,,,,
9/28/19,,,,,,,,,,,,
9/27/19,,,8.1,,,,,,,,,
9/26/19,,,17.7,,,,,,,,,
9/25/19,,,11,,,,,,,,,
9/24/19,,,10.8,,,,,,,,,
9/23/19,,,10.8,,,,,,,,,
9/22/19,,,20.9,,,,,,,,,
9/21/19,,,19.6,,,,,,,,,
9/20/19,,,15.5,,,,,,,,,
9/19/19,,,9.9,,,,,,,,,
9/18/19,,,19.1,,,,,,,,,
9/17/19,,,12.8,,,,,,,,,
9/16/19,,,12.2,,,,,,,,,
9/15/19,,,19,,,,,,,,,
9/14/19,,,15.4,,,,,,,,,
9/13/19,,,18.3,,,,,,,,,
9/12/19,,,15.8,,,,,,,,,
9/11/19,,,13.4,,,,,,,,,
9/10/19,,,13.4,,,,,,,,,
9/9/19,,,11.8,,,,,,,,,
9/8/19,,,16.2,,,,,,,,,
9/7/19,,,14.4,,,,,,,,,
9/6/19,,,13,,,,,,,,,
9/5/19,,,10,,,,,,,,,
9/4/19,,,9,,,,,,,,,
9/3/19,,,17.8,,,,,,,,,
9/2/19,,,13.4,,,,,,,,,
9/1/19,,,16,,,,,,,,,
8/31/19,,,12.8,,,,,,,,,
8/30/19,,,9.3,,,,,,,,,
8/29/19,,,,,,,,,,,,
8/28/19,,,13,,,,,,,,,
8/27/19,,,9.2,,,,,,,,,
8/26/19,,,,,,,,,,,,
8/25/19,,,9.2,,,,,,,,,
8/24/19,,,12.4,,,,,,,,,
8/23/19,,,16.4,,,,,,,,,
8/22/19,,,16.2,,,,,,,,,
8/21/19,,,13.9,,,,,,,,,
8/20/19,,,14,,,,,,,,,
8/19/19,,,12.8,,,,,,,,,
8/18/19,,,16.6,,,,,,,,,
8/17/19,,,9.5,,,,,,,,,
8/16/19,,,10.2,,,,,,,,,
8/15/19,,,17.8,,,,,,,,,
8/14/19,,,15.3,,,,,,,,,
8/13/19,,,15.6,,,,,,,,,
8/12/19,,,13.2,,,,,,,,,
8/11/19,,,15.4,,,,,,,,,
8/10/19,,,13.5,,,,,,,,,
8/9/19,,,17.8,,,,,,,,,
8/8/19,,,17,,,,,,,,,
8/7/19,,,13,,,,,,,,,
8/6/19,,,12.9,,,,,,,,,
8/5/19,,,10,,,,,,,,,
8/4/19,,,17,,,,,,,,,
8/3/19,,,13.1,,,,,,,,,
8/2/19,,,18.3,,,,,,,,,
8/1/19,,,14,,,,,,,,,
7/31/19,,,18.9,,,,,,,,,
7/30/19,,,18.7,,,,,,,,,
7/29/19,,,13.9,,,,,,,,,
7/28/19,,,13.6,,,,,,,,,
7/27/19,,,17.4,,,,,,,,,
7/26/19,,,12.4,,,,,,,,,
7/25/19,,,13.2,,,,,,,,,
7/24/19,,,8,,,,,,,,,
7/23/19,,,14.4,,,,,,,,,
7/22/19,,,13,,,,,,,,,
7/21/19,,,13.5,,,,,,,,,
7/20/19,,,13.7,,,,,,,,,
7/19/19,,,8.7,,,,,,,,,
7/18/19,,,14.5,,,,,,,,,
7/17/19,,,13.8,,,,,,,,,
7/16/19,,,11.6,,,,,,,,,
7/15/19,,,9.5,,,,,,,,,
7/14/19,,45.5,17.9,,,,,,,,,
7/13/19,,49.3,14.6,,,,,,,,,
7/12/19,,52.2,15.4,,,,,,,,,
7/11/19,,56.8,13.6,,,,,,,,,
7/10/19,,60.7,14.7,,,,,,,,,
7/9/19,,64.8,19.1,,,,,,,,,
7/8/19,,67.3,15.6,,,,,,,,,
7/7/19,,70.2,15,,,,,,,,,
7/6/19,,71.8,12.8,,,,,,,,,
7/5/19,,77.1,13.2,,,,,,,,,
7/4/19,,78.5,13.6,,,,,,,,,
7/3/19,,82.4,10.9,,,,,,,,,
7/2/19,,83.5,17.3,,,,,,,,,
7/1/19,,86.8,16.1,,,,,,,,,
6/30/19,,89.8,13.8,,,,,,,,,
6/29/19,,93.7,16.2,,,,,,,,,
6/28/19,,96.5,16,,,,,,,,,
6/27/19,,94.9,19.3,,,,,,,,,
6/26/19,,99.2,18.8,,,,,,,,,
6/25/19,,102.9,14.3,,,,,,,,,
6/24/19,,103.2,15.4,,,,,,,,,
6/23/19,,106.6,14.4,,,,,,,,,
6/22/19,,109.8,17.6,,,,,,,,,
6/21/19,,112.3,13,,,,,,,,,
6/20/19,,112.7,14,,,,1.2,,,,,
6/19/19,,116.4,8.3,,,,0.4,,,,,
6/18/19,,120.1,10.2,,,,0.7,,,,,
6/17/19,,123.2,13.9,,,,0.7,,,,,
6/16/19,,128.4,1.5,,,,4.4,,,,,
6/15/19,,130.7,11,,,,8.9,,,,,
6/14/19,,133.7,7.5,,,,13.7,,,,,
6/13/19,,136.8,14.2,,,,18,,,,,
6/12/19,,138.7,4.3,,,,21.3,,,,,
6/11/19,,144,2.9,,,,25.6,,,,,
6/10/19,,146.7,,,,,29.2,,,,,
6/9/19,,149.2,2.8,,,,33.7,,,,,
6/8/19,,150.3,12.2,,,,36.4,,,,,
6/7/19,,151.1,2.3,,,,38.4,,,,,
6/6/19,,152.6,3.2,,,,41,,,,,
6/5/19,,156.2,,,,,46.4,,,,,
6/4/19,,160.3,,,,,50.7,,,,,
6/3/19,,163.1,1,,,,54.6,,,,,
6/2/19,,166.4,0.5,,,,58.3,,,,,
6/1/19,,168,0.6,,,,60.9,,,,,
5/31/19,,170.7,1.9,,,,63.5,,,,,
5/30/19,,172.6,2.4,,,,65.9,,,,,
5/29/19,,173.9,2.5,,,,68.2,,,,,
5/28/19,,176.2,1.6,,,,70.7,,,,,
5/27/19,,179,1.2,,,,73.3,,,,,
5/26/19,,180.4,2.5,,,,74.7,,,,,
5/25/19,,179.7,2.6,,,,73.3,,,,,
5/24/19,,179.5,,,,,74.7,,,,,
5/23/19,,181.7,1.6,,,,76.6,,,,,
5/22/19,,185.7,1.2,,,,78.6,,,,,
5/21/19,,185.7,,,,,81.7,,,,,
5/20/19,,178.1,1.6,,,,76,,,,,
5/19/19,,180.8,2.8,,,,78.3,,,,,
5/18/19,,177.5,2.1,,,,74.8,,,,,
5/17/19,,176,2,,,,74.7,,,,,
5/16/19,,178.2,,,,,78,,,,,
5/15/19,,167.3,2.1,,,,68.6,,,,,
5/14/19,,167.1,2.6,,,,70,,,,,
5/13/19,,168.9,3.5,,,,73,,,,,
5/12/19,,171.8,6.5,,,,75.5,,,,,
5/11/19,,174.8,9.8,,,,78.1,,,,,
5/10/19,,176.7,12.9,,,,80,,,,,
5/9/19,,178,14.4,,,,81.6,,,,,
5/8/19,,180,16.5,,,,84,,,,,
5/7/19,,182.3,19,,,,86.3,,,,,
5/6/19,,184.6,22.3,,,,88.5,,,,,
5/5/19,,185.9,23.7,,,,90.4,,,,,
5/4/19,,188.5,26.1,,,,93,,,,,
5/3/19,,190.4,27.4,,,,95.1,,,,,
5/2/19,,192.1,29.3,,,,97,,,,,
5/1/19,,193.7,30.6,,,,98.4,,,,,
4/30/19,,195.5,28.9,,,,99.7,,,,,
4/29/19,,196.1,33.1,,,,101.3,,,,,
4/28/19,,198.2,34.6,,,,102.8,,,,,
4/27/19,,200,35.6,,,,104.5,,,,,
4/26/19,,202.6,37.8,,,,107.6,,,,,
4/25/19,,205.1,40.3,,,,110.1,,,,,
4/24/19,,208.1,42.4,,,,,,,,,
4/23/19,,211.4,44.7,,,,115.4,,,,,
4/22/19,,213,46.3,,,,117.4,,,,,
4/21/19,,214.8,47.6,,,,119,,,,,
4/20/19,,216.2,48.8,,,,120.4,,,,,
4/19/19,,217.7,50,,,,122.5,,,,,
4/18/19,,220.2,52.5,,,,125,,,,,
4/17/19,,222,54.9,,,,127,,,,,
4/16/19,,224.4,56.5,,,,128.5,,,,,
4/15/19,,224.6,,,,,130.9,,,,,
4/14/19,,222.3,56.4,,,,128,,,,,
4/13/19,,223.4,59,,,,129.4,,,,,
4/12/19,,225.1,59.6,,,,131.1,,,,,
4/11/19,,226.4,60.7,,,,132.3,,,,,
4/10/19,,226.1,61.5,,,,132,,,,,
4/9/19,,227.8,62.3,,,,132.6,,,,,
4/8/19,,227,62.5,,,,133,,,,,
4/7/19,,231,65.7,,,,136.5,,,,,
4/6/19,,236.3,68.4,,,,140.2,,,,,
4/5/19,,235.3,70,,,,143.4,,,,,
4/4/19,,232.8,69.6,,,,140.9,,,,,
4/3/19,,232.1,69.8,,,,140.5,,,,,
4/2/19,,237,70.7,,,,142.5,,,,,
4/1/19,,231.5,70.8,,,,139.2,,,,,
3/31/19,,231.9,72.5,,,,141.6,,,,,
3/30/19,,234.3,72.8,,,,144.5,,,,,
3/29/19,,236.8,74.8,,,,146.2,,,,,
3/28/19,,240.9,73.4,,,,149.2,,,,,
3/27/19,,239.9,73.6,,,,148.2,,,,,
3/26/19,,227.5,71,,,,138,,,,,
3/25/19,,221.5,70.9,,,,137,,,,,
3/24/19,,223.1,72.2,,,,138.9,,,,,
3/23/19,,226.2,73.2,,,,141.8,,,,,
3/22/19,,219.1,71.3,,,,136.6,,,,,
3/21/19,,218.9,71.3,,,,136.1,,,,,
3/20/19,,219.4,71.7,,,,137.1,,,,,
3/19/19,,217.3,72.1,,,,136.7,,,,,
3/18/19,,219.2,73.2,,,,138.3,,,,,
3/17/19,,221.2,73.6,,,,140.2,,,,,
3/16/19,,223.3,74.6,,,,141.8,,,,,
3/15/19,,224.7,74.5,,,,143.5,,,,,
3/14/19,,226.3,75.8,,,,145.1,,,,,
3/13/19,,228.1,76,,,,146.1,,,,,
3/12/19,,232.5,73.9,,,,147.6,,,,,
3/11/19,,232.3,76.2,,,,148.2,,,,,
3/10/19,,235.1,75.3,,,,149.2,,,,,
3/9/19,,237.2,,,,,151.7,,,,,
3/8/19,,239.6,,,,,153.2,,,,,
3/7/19,,240.6,,,,,153.4,,,,,
3/6/19,,202,,,,,152.3,,,,,
3/5/19,,219.3,74.2,,,,142.8,,,,,
3/4/19,,217.6,74.4,,,,143.2,,,,,
3/3/19,,222.5,75.3,,,,146.8,,,,,
3/2/19,,215.9,76.1,,,,143.7,,,,,
3/1/19,,212.4,76.4,,,,144.4,,,,,
2/28/19,,213.2,79.7,,,,147.9,,,,,
2/27/19,,211.6,82.9,,,,148.6,,,,,
2/26/19,,205.9,80.2,,,,142.4,,,,,
2/25/19,,193.5,,,,,132.6,,,,,
2/24/19,,179.5,70.9,,,,120.2,,,,,
2/23/19,,182.3,70.1,,,,123.1,,,,,
2/22/19,,183.9,73.3,,,,125.2,,,,,
2/21/19,,187.1,,,,,128.1,,,,,
2/20/19,,193.4,,,,,131,,,,,
2/19/19,,193.8,77.3,,,,130.9,,,,,
2/18/19,,199.6,80.5,,,,135.9,,,,,
2/17/19,,208.5,,,,,143.6,,,,,
2/16/19,,207.3,,,,,139.2,,,,,
2/15/19,,197.1,,,,,128.7,,,,,
2/14/19,,176.6,,,,,112.7,,,,,
2/13/19,,170.2,63.1,,,,111.8,,,,,
2/12/19,,161.2,,,,,111.1,,,,,
2/11/19,,162.9,,,,,,,,,,
2/10/19,,168.3,,,,,121.8,,,,,
2/9/19,,162.3,,,,,112.5,,,,,
2/8/19,,149.2,,,,,102.1,,,,,
2/7/19,,150.6,,,,,104,,,,,
2/6/19,,155.1,57.6,,,,108.1,,,,,
2/5/19,,159.4,,,,,112.6,,,,,
2/4/19,,163.2,,,,,115.3,,,,,
2/3/19,,138.3,,,,,86.8,,,,,
2/2/19,,127.8,,,,,75,,,,,
2/1/19,,113,30.4,,,,65.9,,,,,
1/31/19,,112.5,33.2,,,,66,,,,,
1/30/19,,113.6,33,,,,66.6,,,,,
1/29/19,,114.7,32.9,,,,67.3,,,,,
1/28/19,,116.1,32.4,,,,68.6,,,,,
1/27/19,,117.4,34.3,,,,69.4,,,,,
1/26/19,,119.4,35.4,,,,70.4,,,,,
1/25/19,,120.9,36.2,,,,71.6,,,,,
1/24/19,,122.8,36.6,,,,72.2,,,,,
1/23/19,,124.6,36.7,,,,73.4,,,,,
1/22/19,,127.4,34.3,,,,75.3,,,,,
1/21/19,,130.7,38.4,,,,77.3,,,,,
1/20/19,,132.7,,,,,78,,,,,
1/19/19,,121.6,33.5,,,,72.1,,,,,
1/18/19,,126.6,35.3,,,,77.4,,,,,
1/17/19,,132.2,,,,,82.1,,,,,
1/16/19,,116.8,34.7,,,,75.7,,,,,
1/15/19,,102.3,37.2,,,,71.3,,,,,
1/14/19,,79.9,,,,,51.9,,,,,
1/13/19,,,21.4,,,,51.5,,,,,
1/12/19,,,19.4,,,,53,,,,,
1/11/19,,,19.8,,,,53.8,,,,,
1/10/19,,,20.3,,,,55.2,,,,,
1/9/19,,,11,,,,57,,,,,
1/8/19,,,25.1,,,,51.2,,,,,
1/7/19,,,26.1,,,,54,,,,,
1/6/19,,,31.1,,,,55,,,,,
1/5/19,,,,,,,36.2,,,,,
1/4/19,,,8.4,,,,28.2,,,,,
1/3/19,,,9.9,,,,28.3,,,,,
1/2/19,,,10,,,,28.1,,,,,
1/1/19,,,17.7,,,,28.1,,,,,
12/31/18,,,,,,,28.3,,,,,
12/30/18,,,17.8,,,,28.3,,,,,
12/29/18,,,17.2,,,,28,,,,,
12/28/18,,,17.1,,,,28.5,,,,,
12/27/18,,,14.6,,,,28.6,,,,,
12/26/18,,,8,,,,28.7,,,,,
12/25/18,,,14.3,,,,29.5,,,,,
12/24/18,,,,,,,30.5,,,,,
12/23/18,,,31.6,,,,26.4,,,,,
12/22/18,,,30.2,,,,24.7,,,,,
12/21/18,,,32.1,,,,24.9,,,,,
12/20/18,,,33,,,,24.5,,,,,
12/19/18,,,32.7,,,,24.3,,,,,
12/18/18,,,28,,,,25.1,,,,,
12/17/18,,,28.8,,,,30.7,,,,,
12/16/18,,,29.6,,,,27,,,,,
12/15/18,,,33.2,,,,26.7,,,,,
12/14/18,,,33.8,,,,27.2,,,,,
12/13/18,,,34.1,,,,27.3,,,,,
12/12/18,,,33.4,,,,27.8,,,,,
12/11/18,,,,,,,28.7,,,,,
12/10/18,,,30.9,,,,28.8,,,,,
12/9/18,,,,,,,29.7,,,,,
12/8/18,,,,,,,30.2,,,,,
12/7/18,,,,,,,31.2,,,,,
12/6/18,,,,,,,32.3,,,,,
12/5/18,,,,,,,33.2,,,,,
12/4/18,,,,,,,30.8,,,,,
12/3/18,,,,,,,31.5,,,,,
12/2/18,,,27.2,,,,27.4,,,,,
12/1/18,,,,,,,30.4,,,,,
11/30/18,,,,,,,20.3,,,,,
11/29/18,,13.2,,,,,22.1,,,,,
11/28/18,,13,2.1,,,,10.2,,,,,
11/27/18,,13.4,2.5,,,,8.7,,,,,
11/26/18,,13.2,,,,,8,,,,,
11/25/18,,13,3.4,,,,8.2,,,,,
11/24/18,,13,3.4,,,,8.8,,,,,
11/23/18,,13.9,,,,,13.3,,,,,
11/22/18,,13.2,2.7,,,,13.9,,,,,
11/21/18,,149.7,2.2,,,,0,,,,,
11/20/18,,149.9,21,,,,0,,,,,
11/19/18,,149.8,20.8,,,,0,,,,,
11/18/18,,149.9,21,,,,0,,,,,
11/17/18,,149.9,21,,,,0,,,,,
11/16/18,,154.2,20.4,,,,0,,,,,
11/15/18,,154.7,21,,,,0,,,,,
11/14/18,,154,21.5,,,,0,,,,,
11/13/18,,153.7,20.6,,,,0,,,,,
11/12/18,,152.7,21,,,,0,,,,,
11/11/18,,152.9,21.4,,,,0,,,,,
11/10/18,,153.4,21.8,,,,0,,,,,
11/9/18,,156.4,20.6,,,,0,,,,,
11/8/18,,,21.6,,,,0,,,,,
11/7/18,,48,21.1,,,,0,,,,,
11/6/18,,149.4,20,,,,0,,,,,
11/5/18,,149.3,20.2,,,,0,,,,,
11/4/18,,149.2,20.7,,,,0,,,,,
11/3/18,,149.2,20.6,,,,0,,,,,
11/2/18,,149.7,20.7,,,,0,,,,,
11/1/18,,150.3,19.8,,,,0,,,,,
10/31/18,,151.4,20.7,,,,0,,,,,
10/30/18,,149.5,21.4,,,,0,,,,,
10/29/18,,149.5,29.2,,,,0,,,,,
10/28/18,,277.3,18.7,,,,0,,,,,
10/27/18,,149.7,19.7,,,,0,,,,,
10/26/18,,149.8,20,,,,0,,,,,
10/25/18,,149.4,28.6,,,,0,,,,,
10/24/18,,149.3,38,,,,0,,,,,
10/23/18,,149,37.5,,,,0,,,,,
10/22/18,,149.4,37.8,,,,0,,,,,
10/21/18,,149.7,36.4,,,,0,,,,,
10/20/18,,149.6,36.5,,,,0,,,,,
10/19/18,,149.5,36.5,,,,0,,,,,
10/18/18,,149.7,36,,,,0,,,,,
10/17/18,,149.8,35.9,,,,0,,,,,
10/16/18,,149.5,36,,,,0,,,,,
10/15/18,,149.7,37.4,,,,0,,,,,
10/14/18,,149.4,36.4,,,,0,,,,,
10/13/18,,149.9,35.4,,,,0,,,,,
10/12/18,,150.2,36.8,,,,0,,,,,
10/11/18,,154.6,36.4,,,,0,,,,,
10/10/18,,246.2,19.6,,,,0,,,,,
10/9/18,,171.8,36.2,,,,0,,,,,
10/8/18,,155.2,29.2,,,,0,,,,,
10/7/18,,152.3,30.2,,,,0,,,,,
10/6/18,,246.8,,,,,0,,,,,
10/5/18,,177.2,22.6,,,,0,,,,,
10/4/18,,253.2,22.1,,,,0,,,,,
10/3/18,,250.1,20.6,,,,0,,,,,
10/2/18,,162.3,29.4,,,,0,,,,,
10/1/18,,148.3,35.4,,,,0,,,,,
9/30/18,,148.6,37.2,,,,0,,,,,
9/29/18,,150.3,36.6,,,,0,,,,,
9/28/18,,148.4,36.2,,,,0,,,,,
9/27/18,,148.2,36.3,,,,0,,,,,
9/26/18,,148.5,34.4,,,,0,,,,,
9/25/18,,148.9,37.5,,,,0,,,,,
9/24/18,,148.8,35.9,,,,0,,,,,
9/23/18,,148.5,36.2,,,,0,,,,,
9/22/18,,148.5,36.3,,,,0,,,,,
9/21/18,,148.4,34.8,,,,0,,,,,
9/20/18,,148.7,35.8,,,,0,,,,,
9/19/18,,148.4,30.3,,,,0,,,,,
9/18/18,,148.2,33.8,,,,0,,,,,
9/17/18,,147.9,35.2,,,,0,,,,,
9/16/18,,148.2,34,,,,0,,,,,
9/15/18,,148.2,35.8,,,,0,,,,,
9/14/18,,147.8,38.4,,,,0,,,,,
9/13/18,,147.9,36.6,,,,0,,,,,
9/12/18,,147.7,36.7,,,,,,,,,
9/11/18,,147.4,38,,,,,,,,,
9/10/18,,147.3,36.2,,,,,,,,,
9/9/18,,147.4,37.1,,,,,,,,,
9/8/18,,147.1,35,,,,,,,,,
9/7/18,,147.1,35.9,,,,,,,,,
9/6/18,,146.9,35.4,,,,,,,,,
9/5/18,,146.9,33.6,,,,,,,,,
9/4/18,,147.1,35.8,,,,,,,,,
9/3/18,,147.1,35.6,,,,,,,,,
9/2/18,,147.3,35.1,,,,,,,,,
9/1/18,,147.2,31.4,,,,,,,,,
8/31/18,,147.7,31.2,,,,,,,,,
8/30/18,,147.1,31.1,,,,,,,,,
8/29/18,,147.1,32,,,,,,,,,
8/28/18,,147.5,26.6,,,,,,,,,
8/27/18,,146.9,35,,,,,,,,,
8/26/18,,146.9,36.6,,,,,,,,,
8/25/18,,146.9,36,,,,,,,,,
8/24/18,,146.5,35.2,,,,,,,,,
8/23/18,,146.4,33.1,,,,,,,,,
8/22/18,,146.5,29.4,,,,,,,,,
8/21/18,,146.5,34.2,,,,,,,,,
8/20/18,,146.4,32.8,,,,,,,,,
8/19/18,,146.5,35.8,,,,,,,,,
8/18/18,,146.4,27.2,,,,,,,,,
8/17/18,,146.3,27.8,,,,,,,,,
8/16/18,,146.2,30.4,,,,,,,,,
8/15/18,,146.3,30.4,,,,,,,,,
8/14/18,,146.7,20.3,,,,,,,,,
8/13/18,,146.5,29.7,,,,,,,,,
8/12/18,,146.7,35.2,,,,,,,,,
8/11/18,,147.4,37.4,,,,,,,,,
8/10/18,,147.6,34.2,,,,,,,,,
8/9/18,,148.4,34.2,,,,,,,,,
8/8/18,,147.7,33.8,,,,,,,,,
8/7/18,,147.7,33.1,,,,,,,,,
8/6/18,,147.1,31.8,,,,,,,,,
8/5/18,,146.9,33.4,,,,,,,,,
8/4/18,,146.5,32.9,,,,,,,,,
8/3/18,,146.7,34.8,,,,,,,,,
8/2/18,,146.9,30.3,,,,,,,,,
8/1/18,,147.3,34.5,,,,,,,,,
7/31/18,,147.9,17.3,,,,,,,,,
7/30/18,,148.3,25.7,,,,,,,,,
7/29/18,,147.9,34.3,,,,,,,,,
7/28/18,,147.5,33.9,,,,,,,,,
7/27/18,,147.7,34.2,,,,,,,,,
7/26/18,,148.8,34,,,,,,,,,
7/25/18,,148.7,24.2,,,,,,,,,
7/24/18,,,25.4,,,,,,,,,
7/23/18,,,26.5,,,,,,,,,
7/22/18,,,34.4,,,,,,,,,
7/21/18,,,34.2,,,,,,,,,
7/20/18,,,20.3,,,,,,,,,
7/19/18,,,34,,,,,,,,,
7/18/18,,,33.8,,,,,,,,,
7/17/18,,,35.6,,,,,,,,,
7/16/18,,,28.3,,,,,,,,,
7/15/18,,,26.7,,,,,,,,,
7/14/18,,,24.3,,,,,,,,,
7/13/18,,,25.1,,,,,,,,,
7/12/18,,,29.9,,,,,,,,,
7/11/18,,,35.5,,,,,,,,,
7/10/18,,,30.2,,,,,,,,,
7/9/18,,,35.5,,,,,,,,,
7/8/18,,,35.2,,,,,,,,,
7/7/18,,,,,,,,,,,,
7/6/18,,,36.8,,,,,,,,,
7/5/18,,,36,,,,,,,,,
7/4/18,,,32.3,,,,,,,,,
7/3/18,,,35,,,,,,,,,
7/2/18,,,27,,,,,,,,,
7/1/18,,,34.4,,,,,,,,,
6/30/18,,,34.4,,,,,,,,,
6/29/18,,,,,,,,,,,,
6/28/18,,,34.5,,,,,,,,,
6/27/18,,,33.6,,,,,,,,,
6/26/18,,,32.8,,,,,,,,,
6/25/18,,,25.9,,,,,,,,,
6/24/18,,,636.6,,,,,,,,,
6/23/18,,,636.6,,,,,,,,,
6/22/18,,,636.6,,,,,,,,,
6/21/18,,,636.6,,,,,,,,,
6/20/18,,,636.6,,,,,,,,,
6/19/18,,,636.6,,,,,,,,,
6/18/18,,,636.6,,,,,,,,,
6/17/18,,,636.6,,,,,,,,,
6/16/18,,,636.6,,,,,,,,,
6/15/18,,,636.6,,,,,,,,,
6/14/18,,,636.6,,,,,,,,,
6/13/18,,,636.6,,,,,,,,,
6/12/18,,,636.6,,,,,,,,,
6/11/18,,,636.6,,,,,,,,,
6/10/18,,,636.6,,,,,,,,,
6/9/18,,,636.6,,,,,,,,,
6/8/18,,,636.6,,,,,,,,,
6/7/18,,,636.6,,,,,,,,,
6/6/18,,,636.6,,,,,,,,,
6/5/18,,,636.6,,,,,,,,,
6/4/18,,,636.6,,,,,,,,,
6/3/18,,,636.6,,,,,,,,,
6/2/18,,,636.6,,,,,,,,,
6/1/18,,,636.6,,,,,,,,,
5/31/18,,,636.6,,,,,,,,,
5/30/18,,,636.6,,,,,,,,,
5/29/18,,,636.6,,,,,,,,,
5/28/18,,,636.6,,,,,,,,,
5/27/18,,,636.6,,,,,,,,,
5/26/18,,,636.6,,,,,,,,,
5/25/18,,,636.6,,,,,,,,,
5/24/18,,,636.6,,,,,,,,,
5/23/18,,,636.6,,,,,,,,,
5/22/18,,,636.6,,,,,,,,,
5/21/18,,,636.6,,,,,,,,,
5/20/18,,,636.6,,,,,,,,,
5/19/18,,,636.6,,,,,,,,,
5/18/18,,,636.6,,,,,,,,,
5/17/18,,,636.6,,,,,,,,,
5/16/18,,,636.6,,,,,,,,,
5/15/18,,,636.6,,,,,,,,,
5/14/18,,,636.6,,,,,,,,,
5/13/18,,,636.6,,,,,,,,,
5/12/18,,,636.6,,,,,,,,,
5/11/18,,,636.6,,,,,,,,,
5/10/18,,,636.6,,,,,,,,,
5/9/18,,,,,,,,,,,,
5/8/18,,,,,,,,,,,,
5/7/18,,,,,,,,,,,,
5/6/18,,,,,,,,,,,,
5/5/18,,,,,,,,,,,,
5/4/18,,,,,,,,,,,,
5/3/18,,,,,,,,,,,,
5/2/18,,,,,,,,,,,,
5/1/18,,,,,,,,,,,,
4/30/18,,,,,,,,,,,,
4/29/18,,,,,,,,,,,,
4/28/18,,,,,,,,,,,,
4/27/18,,,,,,,,,,,,
4/26/18,,,,,,,,,,,,
4/25/18,,,,,,,,,,,,
4/24/18,,,,,,,,,,,,
4/23/18,,,,,,,,,,,,
4/22/18,,,,,,,,,,,,
4/21/18,,,,,,,,,,,,
4/20/18,,,,,,,,,,,,
4/19/18,,,,,,,,,,,,
4/18/18,,,,,,,,,,,,
4/17/18,,,,,,,,,,,,
4/16/18,,,,,,,,,,,,
4/15/18,,,,,,,,,,,,
4/14/18,,,,,,,,,,,,
4/13/18,,,,,,,,,,,,
4/12/18,,,,,,,,,,,,
4/11/18,,,,,,,,,,,,
4/10/18,,,,,,,,,,,,
4/9/18,,,,,,,,,,,,
4/8/18,,,,,,,,,,,,
4/7/18,,,,,,,,,,,,
4/6/18,,,,,,,,,,,,
4/5/18,,,,,,,,,,,,
4/4/18,,,,,,,,,,,,
4/3/18,,,,,,,,,,,,
4/2/18,,,,,,,,,,,,
4/1/18,,,,,,,,,,,,
3/31/18,,,,,,,,,,,,
3/30/18,,,,,,,,,,,,
3/29/18,,,,,,,,,,,,
3/28/18,,,,,,,,,,,,
3/27/18,,,,,,,,,,,,
3/26/18,,,,,,,,,,,,
3/25/18,,,,,,,,,,,,
3/24/18,,,,,,,,,,,,
3/23/18,,,,,,,,,,,,
3/22/18,,,,,,,,,,,,
3/21/18,,,,,,,,,,,,
3/20/18,,,,,,,,,,,,
3/19/18,,,,,,,,,,,,
3/18/18,,,,,,,,,,,,
3/17/18,,,,,,,,,,,,
3/16/18,,,,,,,,,,,,
3/15/18,,,,,,,,,,,,
3/14/18,,,,,,,,,,,,
3/13/18,,,,,,,,,,,,
3/12/18,,,,,,,,,,,,
3/11/18,,,,,,,,,,,,
3/10/18,,,,,,,,,,,,
3/9/18,,,,,,,,,,,,
3/8/18,,,,,,,,,,,,
3/7/18,,,,,,,,,,,,
3/6/18,,,,,,,,,,,,
3/5/18,,,,,,,,,,,,
3/4/18,,,,,,,,,,,,
3/3/18,,,,,,,,,,,,
3/2/18,,,,,,,,,,,,
3/1/18,,,,,,,,,,,,
2/28/18,,,,,,,,,,,,
2/27/18,,,,,,,,,,,,
2/26/18,,,,,,,,,,,,
2/25/18,,,,,,,,,,,,
2/24/18,,,,,,,,,,,,
2/23/18,,,,,,,,,,,,
2/22/18,,,,,,,,,,,,
2/21/18,,,,,,,,,,,,
2/20/18,,,,,,,,,,,,
2/19/18,,,,,,,,,,,,
2/18/18,,,,,,,,,,,,
2/17/18,,,,,,,,,,,,
2/16/18,,,,,,,,,,,,
2/15/18,,,,,,,,,,,,
2/14/18,,,,,,,,,,,,
2/13/18,,,,,,,,,,,,
2/12/18,,,,,,,,,,,,
2/11/18,,,,,,,,,,,,
2/10/18,,,,,,,,,,,,
2/9/18,,,,,,,,,,,,
2/8/18,,,,,,,,,,,,
2/7/18,,,,,,,,,,,,
2/6/18,,,,,,,,,,,,
2/5/18,,,,,,,,,,,,
2/4/18,,,,,,,,,,,,
2/3/18,,,,,,,,,,,,
2/2/18,,,,,,,,,,,,
2/1/18,,,,,,,,,,,,
1/31/18,,,,,,,,,,,,
1/30/18,,,,,,,,,,,,
1/29/18,,,,,,,,,,,,
1/28/18,,,,,,,,,,,,
1/27/18,,,,,,,,,,,,
1/26/18,,,,,,,,,,,,
1/25/18,,,,,,,,,,,,
1/24/18,,,,,,,,,,,,
1/23/18,,,,,,,,,,,,
1/22/18,,,,,,,,,,,,
1/21/18,,,,,,,,,,,,
1/20/18,,,,,,,,,,,,
1/19/18,,,,,,,,,,,,
1/18/18,,,,,,,,,,,,
1/17/18,,,,,,,,,,,,
1/16/18,,,,,,,,,,,,
1/15/18,,,,,,,,,,,,
1/14/18,,,,,,,,,,,,
1/13/18,,,,,,,,,,,,
1/12/18,,,,,,,,,,,,
1/11/18,,,,,,,,,,,,
1/10/18,,,,,,,,,,,,
1/9/18,,,,,,,,,,,,
1/8/18,,,,,,,,,,,,
1/7/18,,,,,,,,,,,,
1/6/18,,,,,,,,,,,,
1/5/18,,,,,,,,,,,,
1/4/18,,,,,,,,,,,,
1/3/18,,,,,,,,,,,,
1/2/18,,,,,,,,,,,,
1/1/18,,,,,,,,,,,,
12/31/17,,,,,,,,,,,,
12/30/17,,,,,,,,,,,,
12/29/17,,,,,,,,,,,,
12/28/17,,,,,,,,,,,,
12/27/17,,,,,,,,,,,,
12/26/17,,,,,,,,,,,,
12/25/17,,,,,,,,,,,,
12/24/17,,,,,,,,,,,,
12/23/17,,,,,,,,,,,,
12/22/17,,,,,,,,,,,,
12/21/17,,,,,,,,,,,,
12/20/17,,,,,,,,,,,,
12/19/17,,,,,,,,,,,,
12/18/17,,,,,,,,,,,,
12/17/17,,,,,,,,,,,,
12/16/17,,,,,,,,,,,,
12/15/17,,,,,,,,,,,,
12/14/17,,,,,,,,,,,,
12/13/17,,,,,,,,,,,,
12/12/17,,,,,,,,,,,,
12/11/17,,,,,,,,,,,,
12/10/17,,,,,,,,,,,,
12/9/17,,,,,,,,,,,,
12/8/17,,,,,,,,,,,,
12/7/17,,,,,,,,,,,,
12/6/17,,,,,,,,,,,,
12/5/17,,,,,,,,,,,,
12/4/17,,,,,,,,,,,,
12/3/17,,,,,,,,,,,,
12/2/17,,,,,,,,,,,,
12/1/17,,,,,,,,,,,,
11/30/17,,,,,,,,,,,,
11/29/17,,,,,,,,,,,,
11/28/17,,,,,,,,,,,,
11/27/17,,,,,,,,,,,,
11/26/17,,,,,,,,,,,,
11/25/17,,,,,,,,,,,,
11/24/17,,,,,,,,,,,,
11/23/17,,,,,,,,,,,,
11/22/17,,,,,,,,,,,,
11/21/17,,,,,,,,,,,,
11/20/17,,,,,,,,,,,,
11/19/17,,,,,,,,,,,,
11/18/17,,,,,,,,,,,,
11/17/17,,,,,,,,,,,,
11/16/17,,,,,,,,,,,,
11/15/17,,,,,,,,,,,,
11/14/17,,,,,,,,,,,,
11/13/17,,,,,,,,,,,,
11/12/17,,,,,,,,,,,,
11/11/17,,,,,,,,,,,,
11/10/17,,,,,,,,,,,,
11/9/17,,,,,,,,,,,,
11/8/17,,,,,,,,,,,,
11/7/17,,,,,,,,,,,,
11/6/17,,,,,,,,,,,,
11/5/17,,,,,,,,,,,,
11/4/17,,,,,,,,,,,,
11/3/17,,,,,,,,,,,,
11/2/17,,,,,,,,,,,,
11/1/17,,,,,,,,,,,,
10/31/17,,,,,,,,,,,,
10/30/17,,,,,,,,,,,,
10/29/17,,,,,,,,,,,,
10/28/17,,,,,,,,,,,,
10/27/17,,,,,,,,,,,,
10/26/17,,,,,,,,,,,,
10/25/17,,,,,,,,,,,,
10/24/17,,,,,,,,,,,,
10/23/17,,,,,,,,,,,,
10/22/17,,,,,,,,,,,,
10/21/17,,,,,,,,,,,,
10/20/17,,,,,,,,,,,,
10/19/17,,,,,,,,,,,,
10/18/17,,,,,,,,,,,,
10/17/17,,,,,,,,,,,,
10/16/17,,,,,,,,,,,,
10/15/17,,,,,,,,,,,,
10/14/17,,,,,,,,,,,,
10/13/17,,,,,,,,,,,,
10/12/17,,,,,,,,,,,,
10/11/17,,,,,,,,,,,,
10/10/17,,,,,,,,,,,,
10/9/17,,,,,,,,,,,,
10/8/17,,,,,,,,,,,,
10/7/17,,,,,,,,,,,,
10/6/17,,,,,,,,,,,,
10/5/17,,,,,,,,,,,,
10/4/17,,,,,,,,,,,,
10/3/17,,,,,,,,,,,,
10/2/17,,,,,,,,,,,,
10/1/17,,,,,,,,,,,,
9/30/17,,,,,,,,,,,,
9/29/17,,,,,,,,,,,,
9/28/17,,,,,,,,,,,,
9/27/17,,,,,,,,,,,,
9/26/17,,,,,,,,,,,,
9/25/17,,,,,,,,,,,,
9/24/17,,,,,,,,,,,,
9/23/17,,,,,,,,,,,,
9/22/17,,,,,,,,,,,,
9/21/17,,,,,,,,,,,,
9/20/17,,,,,,,,,,,,
9/19/17,,,,,,,,,,,,
9/18/17,,,,,,,,,,,,
9/17/17,,,,,,,,,,,,
9/16/17,,,,,,,,,,,,
9/15/17,,,,,,,,,,,,
9/14/17,,,,,,,,,,,,
9/13/17,,,,,,,,,,,,
9/12/17,,,,,,,,,,,,
9/11/17,,,,,,,,,,,,
9/10/17,,,,,,,,,,,,
9/9/17,,,,,,,,,,,,
9/8/17,,,,,,,,,,,,
9/7/17,,,,,,,,,,,,
9/6/17,,,,,,,,,,,,
9/5/17,,,,,,,,,,,,
9/4/17,,,,,,,,,,,,
9/3/17,,,,,,,,,,,,
9/2/17,,,,,,,,,,,,
9/1/17,,,,,,,,,,,,
8/31/17,,,,,,,,,,,,
8/30/17,,,,,,,,,,,,
8/29/17,,,,,,,,,,,,
8/28/17,,,,,,,,,,,,
8/27/17,,,,,,,,,,,,
8/26/17,,,,,,,,,,,,
8/25/17,,,,,,,,,,,,
8/24/17,,,,,,,,,,,,
8/23/17,,,,,,,,,,,,
8/22/17,,,,,,,,,,,,
8/21/17,,,,,,,,,,,,
8/20/17,,,,,,,,,,,,
8/19/17,,,,,,,,,,,,
8/18/17,,,,,,,,,,,,
8/17/17,,,,,,,,,,,,
8/16/17,,,,,,,,,,,,
8/15/17,,,,,,,,,,,,
8/14/17,,,,,,,,,,,,
8/13/17,,,,,,,,,,,,
8/12/17,,,,,,,,,,,,
8/11/17,,,,,,,,,,,,
8/10/17,,,,,,,,,,,,
8/9/17,,,,,,,,,,,,
8/8/17,,,,,,,,,,,,
8/7/17,,,,,,,,,,,,
8/6/17,,,,,,,,,,,,
8/5/17,,,,,,,,,,,,
8/4/17,,,,,,,,,,,,
8/3/17,,,,,,,,,,,,
8/2/17,,,,,,,,,,,,
8/1/17,,,,,,,,,,,,
7/31/17,,,,,,,,,,,,
7/30/17,,,,,,,,,,,,
7/29/17,,,,,,,,,,,,
7/28/17,,,,,,,,,,,,
7/27/17,,,,,,,,,,,,
7/26/17,,,,,,,,,,,,
7/25/17,,,,,,,,,,,,
7/24/17,,,,,,,,,,,,
7/23/17,,,,,,,,,,,,
7/22/17,,,,,,,,,,,,
7/21/17,,,,,,,,,,,,
7/20/17,,,,,,,,,,,,
7/19/17,,,,,,,,,,,,
7/18/17,,,,,,,,,,,,
7/17/17,,,,,,,,,,,,
7/16/17,,,,,,,,,,,,
7/15/17,,,,,,,,,,,,
7/14/17,,,,,,,,,,,,
7/13/17,,,,,,,,,,,,
7/12/17,,,,,,,,,,,,
7/11/17,,,,,,,,,,,,
7/10/17,,,,,,,,,,,,
7/9/17,,,,,,,,,,,,
7/8/17,,,,,,,,,,,,
7/7/17,,,,,,,,,,,,
7/6/17,,,,,,,,,,,,
7/5/17,,,,,,,,,,,,
7/4/17,,,,,,,,,,,,
7/3/17,,,,,,,,,,,,
7/2/17,,,,,,,,,,,,
7/1/17,,,,,,,,,,,,
6/30/17,,,,,,,,,,,,
6/29/17,,,,,,,,,,,,
6/28/17,,,,,,,,,,,,
6/27/17,,,,,,,,,,,,
6/26/17,,,,,,,,,,,,
6/25/17,,,,,,,,,,,,
6/24/17,,,,,,,,,,,,
6/23/17,,,,,,,,,,,,
6/22/17,,,,,,,,,,,,
6/21/17,,,,,,,,,,,,
6/20/17,,,,,,,,,,,,
6/19/17,,,,,,,,,,,,
6/18/17,,,,,,,,,,,,
6/17/17,,,,,,,,,,,,
6/16/17,,,,,,,,,,,,
6/15/17,,,,,,,,,,,,
6/14/17,,,,,,,,,,,,
6/13/17,,,,,,,,,,,,
6/12/17,,,,,,,,,,,,
6/11/17,,,,,,,,,,,,
6/10/17,,,,,,,,,,,,
6/9/17,,,,,,,,,,,,
6/8/17,,,,,,,,,,,,
6/7/17,,,,,,,,,,,,
6/6/17,,,,,,,,,,,,
6/5/17,,,,,,,,,,,,
6/4/17,,,,,,,,,,,,
6/3/17,,,,,,,,,,,,
6/2/17,,,,,,,,,,,,
6/1/17,,,,,,,,,,,,
5/31/17,,,,,,,,,,,,
5/30/17,,,,,,,,,,,,
5/29/17,,,,,,,,,,,,
5/28/17,,,,,,,,,,,,
5/27/17,,,,,,,,,,,,
5/26/17,,,,,,,,,,,,
5/25/17,,,,,,,,,,,,
5/24/17,,,,,,,,,,,,
5/23/17,,,,,,,,,,,,
5/22/17,,,,,,,,,,,,
5/21/17,,,,,,,,,,,,
5/20/17,,,,,,,,,,,,
5/19/17,,,,,,,,,,,,
5/18/17,,,,,,,,,,,,
5/17/17,,,,,,,,,,,,
5/16/17,,,,,,,,,,,,
5/15/17,,,,,,,,,,,,
5/14/17,,,,,,,,,,,,
5/13/17,,,,,,,,,,,,
5/12/17,,,,,,,,,,,,
5/11/17,,,,,,,,,,,,
5/10/17,,,,,,,,,,,,
5/9/17,,,,,,,,,,,,
5/8/17,,,,,,,,,,,,
5/7/17,,,,,,,,,,,,
5/6/17,,,,,,,,,,,,
5/5/17,,,,,,,,,,,,
5/4/17,,,,,,,,,,,,
5/3/17,,,,,,,,,,,,
5/2/17,,,,,,,,,,,,
5/1/17,,,,,,,,,,,,
4/30/17,,,,,,,,,,,,
4/29/17,,,,,,,,,,,,
4/28/17,,,,,,,,,,,,
4/27/17,,,,,,,,,,,,
4/26/17,,,,,,,,,,,,
4/25/17,,,,,,,,,,,,
4/24/17,,,,,,,,,,,,
4/23/17,,,,,,,,,,,,
4/22/17,,,,,,,,,,,,
4/21/17,,,,,,,,,,,,
4/20/17,,,,,,,,,,,,
4/19/17,,,,,,,,,,,,
4/18/17,,,,,,,,,,,,
4/17/17,,,,,,,,,,,,
4/16/17,,,,,,,,,,,,
4/15/17,,,,,,,,,,,,
4/14/17,,,,,,,,,,,,
4/13/17,,,,,,,,,,,,
4/12/17,,,,,,,,,,,,
4/11/17,,,,,,,,,,,,
4/10/17,,,,,,,,,,,,
4/9/17,,,,,,,,,,,,
4/8/17,,,,,,,,,,,,
4/7/17,,,,,,,,,,,,
4/6/17,,,,,,,,,,,,
4/5/17,,,,,,,,,,,,
4/4/17,,,,,,,,,,,,
4/3/17,,,,,,,,,,,,
4/2/17,,,,,,,,,,,,
4/1/17,,,,,,,,,,,,
3/31/17,,,,,,,,,,,,
3/30/17,,,,,,,,,,,,
3/29/17,,,,,,,,,,,,
3/28/17,,,,,,,,,,,,
3/27/17,,,,,,,,,,,,
3/26/17,,,,,,,,,,,,
3/25/17,,,,,,,,,,,,
3/24/17,,,,,,,,,,,,
3/23/17,,,,,,,,,,,,
3/22/17,,,,,,,,,,,,
3/21/17,,,,,,,,,,,,
3/20/17,,,,,,,,,,,,
3/19/17,,,,,,,,,,,,
3/18/17,,,,,,,,,,,,
3/17/17,,,,,,,,,,,,
3/16/17,,,,,,,,,,,,
3/15/17,,,,,,,,,,,,
3/14/17,,,,,,,,,,,,
3/13/17,,,,,,,,,,,,
3/12/17,,,,,,,,,,,,
3/11/17,,,,,,,,,,,,
3/10/17,,,,,,,,,,,,
3/9/17,,,,,,,,,,,,
3/8/17,,,,,,,,,,,,
3/7/17,,,,,,,,,,,,
3/6/17,,,,,,,,,,,,
3/5/17,,,,,,,,,,,,
3/4/17,,,,,,,,,,,,
3/3/17,,,,,,,,,,,,
3/2/17,,,,,,,,,,,,
3/1/17,,,,,,,,,,,,
2/28/17,,,,,,,,,,,,
2/27/17,,,,,,,,,,,,
2/26/17,,,,,,,,,,,,
2/25/17,,,,,,,,,,,,
2/24/17,,,,,,,,,,,,
2/23/17,,,,,,,,,,,,
2/22/17,,,,,,,,,,,,
2/21/17,,,,,,,,,,,,
2/20/17,,,,,,,,,,,,
2/19/17,,,,,,,,,,,,
2/18/17,,,,,,,,,,,,
2/17/17,,,,,,,,,,,,
2/16/17,,,,,,,,,,,,
2/15/17,,,,,,,,,,,,
2/14/17,,,,,,,,,,,,
2/13/17,,,,,,,,,,,,
2/12/17,,,,,,,,,,,,
2/11/17,,,,,,,,,,,,
2/10/17,,,,,,,,,,,,
2/9/17,,,,,,,,,,,,
2/8/17,,,,,,,,,,,,
2/7/17,,,,,,,,,,,,
2/6/17,,,,,,,,,,,,
2/5/17,,,,,,,,,,,,
2/4/17,,,,,,,,,,,,
2/3/17,,,,,,,,,,,,
2/2/17,,,,,,,,,,,,
2/1/17,,,,,,,,,,,,
1/31/17,,,,,,,,,,,,
1/30/17,,,,,,,,,,,,
1/29/17,,,,,,,,,,,,
1/28/17,,,,,,,,,,,,
1/27/17,,,,,,,,,,,,
1/26/17,,,,,,,,,,,,
1/25/17,,,,,,,,,,,,
1/24/17,,,,,,,,,,,,
1/23/17,,,,,,,,,,,,
1/22/17,,,,,,,,,,,,
1/21/17,,,,,,,,,,,,
1/20/17,,,,,,,,,,,,
1/19/17,,,,,,,,,,,,
1/18/17,,,,,,,,,,,,
1/17/17,,,,,,,,,,,,
1/16/17,,,,,,,,,,,,
1/15/17,,,,,,,,,,,,
1/14/17,,,,,,,,,,,,
1/13/17,,,,,,,,,,,,
1/12/17,,,,,,,,,,,,
1/11/17,,,,,,,,,,,,
1/10/17,,,,,,,,,,,,
1/9/17,,,,,,,,,,,,
1/8/17,,,,,,,,,,,,
1/7/17,,,,,,,,,,,,
1/6/17,,,,,,,,,,,,
1/5/17,,,,,,,,,,,,
1/4/17,,,,,,,,,,,,
1/3/17,,,,,,,,,,,,
1/2/17,,,,,,,,,,,,
1/1/17,,,,,,,,,,,,
12/31/16,,,,,,,,,,,,
12/30/16,,,,,,,,,,,,
12/29/16,,,,,,,,,,,,
12/28/16,,,,,,,,,,,,
12/27/16,,,,,,,,,,,,
12/26/16,,,,,,,,,,,,
12/25/16,,,,,,,,,,,,
12/24/16,,,,,,,,,,,,
12/23/16,,,,,,,,,,,,
12/22/16,,,,,,,,,,,,
12/21/16,,,,,,,,,,,,
12/20/16,,,,,,,,,,,,
12/19/16,,,,,,,,,,,,
12/18/16,,,,,,,,,,,,
12/17/16,,,,,,,,,,,,
12/16/16,,,,,,,,,,,,
12/15/16,,,,,,,,,,,,
12/14/16,,,,,,,,,,,,
12/13/16,,,,,,,,,,,,
12/12/16,,,,,,,,,,,,
12/11/16,,,,,,,,,,,,
12/10/16,,,,,,,,,,,,
12/9/16,,,,,,,,,,,,
12/8/16,,,,,,,,,,,,
12/7/16,,,,,,,,,,,,
12/6/16,,,,,,,,,,,,
12/5/16,,,,,,,,,,,,
12/4/16,,,,,,,,,,,,
12/3/16,,,,,,,,,,,,
12/2/16,,,,,,,,,,,,
12/1/16,,,,,,,,,,,,
11/30/16,,,,,,,,,,,,
11/29/16,,,,,,,,,,,,
11/28/16,,,,,,,,,,,,
11/27/16,,,,,,,,,,,,
11/26/16,,,,,,,,,,,,
11/25/16,,,,,,,,,,,,
11/24/16,,,,,,,,,,,,
11/23/16,,,,,,,,,,,,
11/22/16,,,,,,,,,,,,
11/21/16,,,,,,,,,,,,
11/20/16,,,,,,,,,,,,
11/19/16,,,,,,,,,,,,
11/18/16,,,,,,,,,,,,
11/17/16,,,,,,,,,,,,
11/16/16,,,,,,,,,,,,
11/15/16,,,,,,,,,,,,
11/14/16,,,,,,,,,,,,
11/13/16,,,,,,,,,,,,
11/12/16,,,,,,,,,,,,
11/11/16,,,,,,,,,,,,
11/10/16,,,,,,,,,,,,
11/9/16,,,,,,,,,,,,
11/8/16,,,,,,,,,,,,
11/7/16,,,,,,,,,,,,
11/6/16,,,,,,,,,,,,
11/5/16,,,,,,,,,,,,
11/4/16,,,,,,,,,,,,
11/3/16,,,,,,,,,,,,
11/2/16,,,,,,,,,,,,
11/1/16,,,,,,,,,,,,
10/31/16,,,,,,,,,,,,
10/30/16,,,,,,,,,,,,
10/29/16,,,,,,,,,,,,
10/28/16,,,,,,,,,,,,
10/27/16,,,,,,,,,,,,
10/26/16,,,,,,,,,,,,
10/25/16,,,,,,,,,,,,
10/24/16,,,,,,,,,,,,
10/23/16,,,,,,,,,,,,
10/22/16,,,,,,,,,,,,
10/21/16,,,,,,,,,,,,
10/20/16,,,,,,,,,,,,
10/19/16,,,,,,,,,,,,
10/18/16,,,,,,,,,,,,
10/17/16,,,,,,,,,,,,
10/16/16,,,,,,,,,,,,
10/15/16,,,,,,,,,,,,
10/14/16,,,,,,,,,,,,
10/13/16,,,,,,,,,,,,
10/12/16,,,,,,,,,,,,
10/11/16,,,,,,,,,,,,
10/10/16,,,,,,,,,,,,
10/9/16,,,,,,,,,,,,
10/8/16,,,,,,,,,,,,
10/7/16,,,,,,,,,,,,
10/6/16,,,,,,,,,,,,
10/5/16,,,,,,,,,,,,
10/4/16,,,,,,,,,,,,
10/3/16,,,,,,,,,,,,
10/2/16,,,,,,,,,,,,
10/1/16,,,,,,,,,,,,
9/30/16,,,,,,,,,,,,
9/29/16,,,,,,,,,,,,
9/28/16,,,,,,,,,,,,
9/27/16,,,,,,,,,,,,
9/26/16,,,,,,,,,,,,
9/25/16,,,,,,,,,,,,
9/24/16,,,,,,,,,,,,
9/23/16,,,,,,,,,,,,
9/22/16,,,,,,,,,,,,
9/21/16,,,,,,,,,,,,
9/20/16,,,,,,,,,,,,
9/19/16,,,,,,,,,,,,
9/18/16,,,,,,,,,,,,
9/17/16,,,,,,,,,,,,
9/16/16,,,,,,,,,,,,
9/15/16,,,,,,,,,,,,
9/14/16,,,,,,,,,,,,
9/13/16,,,,,,,,,,,,
9/12/16,,,,,,,,,,,,
9/11/16,,,,,,,,,,,,
9/10/16,,,,,,,,,,,,
9/9/16,,,,,,,,,,,,
9/8/16,,,,,,,,,,,,
9/7/16,,,,,,,,,,,,
9/6/16,,,,,,,,,,,,
9/5/16,,,,,,,,,,,,
9/4/16,,,,,,,,,,,,
9/3/16,,,,,,,,,,,,
9/2/16,,,,,,,,,,,,
9/1/16,,,,,,,,,,,,
8/31/16,,,,,,,,,,,,
8/30/16,,,,,,,,,,,,
8/29/16,,,,,,,,,,,,
8/28/16,,,,,,,,,,,,
8/27/16,,,,,,,,,,,,
8/26/16,,,,,,,,,,,,
8/25/16,,,,,,,,,,,,
8/24/16,,,,,,,,,,,,
8/23/16,,,,,,,,,,,,
8/22/16,,,,,,,,,,,,
8/21/16,,,,,,,,,,,,
8/20/16,,,,,,,,,,,,
8/19/16,,,,,,,,,,,,
8/18/16,,,,,,,,,,,,
8/17/16,,,,,,,,,,,,
8/16/16,,,,,,,,,,,,
8/15/16,,,,,,,,,,,,
8/14/16,,,,,,,,,,,,
8/13/16,,,,,,,,,,,,
8/12/16,,,,,,,,,,,,
8/11/16,,,,,,,,,,,,
8/10/16,,,,,,,,,,,,
8/9/16,,,,,,,,,,,,
8/8/16,,,,,,,,,,,,
8/7/16,,,,,,,,,,,,
8/6/16,,,,,,,,,,,,
8/5/16,,,,,,,,,,,,
8/4/16,,,,,,,,,,,,
8/3/16,,,,,,,,,,,,
8/2/16,,,,,,,,,,,,
8/1/16,,,,,,,,,,,,
7/31/16,,,,,,,,,,,,
7/30/16,,,,,,,,,,,,
7/29/16,,,,,,,,,,,,
7/28/16,,,,,,,,,,,,
7/27/16,,,,,,,,,,,,
7/26/16,,,,,,,,,,,,
7/25/16,,,,,,,,,,,,
7/24/16,,,,,,,,,,,,
7/23/16,,,,,,,,,,,,
7/22/16,,,,,,,,,,,,
7/21/16,,,,,,,,,,,,
7/20/16,,,,,,,,,,,,
7/19/16,,,,,,,,,,,,
7/18/16,,,,,,,,,,,,
7/17/16,,,,,,,,,,,,
7/16/16,,,,,,,,,,,,
7/15/16,,,,,,,,,,,,
7/14/16,,,,,,,,,,,,
7/13/16,,,,,,,,,,,,
7/12/16,,,,,,,,,,,,
7/11/16,,,,,,,,,,,,
7/10/16,,,,,,,,,,,,
7/9/16,,,,,,,,,,,,
7/8/16,,,,,,,,,,,,
7/7/16,,,,,,,,,,,,
7/6/16,,,,,,,,,,,,
7/5/16,,,,,,,,,,,,
7/4/16,,,,,,,,,,,,
7/3/16,,,,,,,,,,,,
7/2/16,,,,,,,,,,,,
7/1/16,,,,,,,,,,,,
6/30/16,,,,,,,,,,,,
6/29/16,,,,,,,,,,,,
6/28/16,,,,,,,,,,,,
6/27/16,,,,,,,,,,,,
6/26/16,,,,,,,,,,,,
6/25/16,,,,,,,,,,,,
6/24/16,,,,,,,,,,,,
6/23/16,,,,,,,,,,,,
6/22/16,,,,,,,,,,,,
6/21/16,,,,,,,,,,,,
6/20/16,,,,,,,,,,,,
6/19/16,,,,,,,,,,,,
6/18/16,,,,,,,,,,,,
6/17/16,,,,,,,,,,,,
6/16/16,,,,,,,,,,,,
6/15/16,,,,,,,,,,,,
6/14/16,,,,,,,,,,,,
6/13/16,,,,,,,,,,,,
6/12/16,,,,,,,,,,,,
6/11/16,,,,,,,,,,,,
6/10/16,,,,,,,,,,,,
6/9/16,,,,,,,,,,,,
6/8/16,,,,,,,,,,,,
6/7/16,,,,,,,,,,,,
6/6/16,,,,,,,,,,,,
6/5/16,,,,,,,,,,,,
6/4/16,,,,,,,,,,,,
6/3/16,,,,,,,,,,,,
6/2/16,,,,,,,,,,,,
6/1/16,,,,,,,,,,,,
5/31/16,,,,,,,,,,,,
5/30/16,,,,,,,,,,,,
5/29/16,,,,,,,,,,,,
5/28/16,,,,,,,,,,,,
5/27/16,,,,,,,,,,,,
5/26/16,,,,,,,,,,,,
5/25/16,,,,,,,,,,,,
5/24/16,,,,,,,,,,,,
5/23/16,,,,,,,,,,,,
5/22/16,,,,,,,,,,,,
5/21/16,,,,,,,,,,,,
5/20/16,,,,,,,,,,,,
5/19/16,,,,,,,,,,,,
5/18/16,,,,,,,,,,,,
5/17/16,,,,,,,,,,,,
5/16/16,,,,,,,,,,,,
5/15/16,,,,,,,,,,,,
5/14/16,,,,,,,,,,,,
5/13/16,,,,,,,,,,,,
5/12/16,,,,,,,,,,,,
5/11/16,,,,,,,,,,,,
5/10/16,,,,,,,,,,,,
5/9/16,,,,,,,,,,,,
5/8/16,,,,,,,,,,,,
5/7/16,,,,,,,,,,,,
5/6/16,,,,,,,,,,,,
5/5/16,,,,,,,,,,,,
5/4/16,,,,,,,,,,,,
5/3/16,,,,,,,,,,,,
5/2/16,,,,,,,,,,,,
5/1/16,,,,,,,,,,,,
4/30/16,,,,,,,,,,,,
4/29/16,,,,,,,,,,,,
4/28/16,,,,,,,,,,,,
4/27/16,,,,,,,,,,,,
4/26/16,,,,,,,,,,,,
4/25/16,,,,,,,,,,,,
4/24/16,,,,,,,,,,,,
4/23/16,,,,,,,,,,,,
4/22/16,,,,,,,,,,,,
4/21/16,,,,,,,,,,,,
4/20/16,,,,,,,,,,,,
4/19/16,,,,,,,,,,,,
4/18/16,,,,,,,,,,,,
4/17/16,,,,,,,,,,,,
4/16/16,,,,,,,,,,,,
4/15/16,,,,,,,,,,,,
4/14/16,,,,,,,,,,,,
4/13/16,,,,,,,,,,,,
4/12/16,,,,,,,,,,,,
4/11/16,,,,,,,,,,,,
4/10/16,,,,,,,,,,,,
4/9/16,,,,,,,,,,,,
4/8/16,,,,,,,,,,,,
4/7/16,,,,,,,,,,,,
4/6/16,,,,,,,,,,,,
4/5/16,,,,,,,,,,,,
4/4/16,,,,,,,,,,,,
4/3/16,,,,,,,,,,,,
4/2/16,,,,,,,,,,,,
4/1/16,,,,,,,,,,,,
3/31/16,,,,,,,,,,,,
3/30/16,,,,,,,,,,,,
3/29/16,,,,,,,,,,,,
3/28/16,,,,,,,,,,,,
3/27/16,,,,,,,,,,,,
3/26/16,,,,,,,,,,,,
3/25/16,,,,,,,,,,,,
3/24/16,,,,,,,,,,,,
3/23/16,,,,,,,,,,,,
3/22/16,,,,,,,,,,,,
3/21/16,,,,,,,,,,,,
3/20/16,,,,,,,,,,,,
3/19/16,,,,,,,,,,,,
3/18/16,,,,,,,,,,,,
3/17/16,,,,,,,,,,,,
3/16/16,,,,,,,,,,,,
3/15/16,,,,,,,,,,,,
3/14/16,,,,,,,,,,,,
3/13/16,,,,,,,,,,,,
3/12/16,,,,,,,,,,,,
3/11/16,,,,,,,,,,,,
3/10/16,,,,,,,,,,,,
3/9/16,,,,,,,,,,,,
3/8/16,,,,,,,,,,,,
3/7/16,,,,,,,,,,,,
3/6/16,,,,,,,,,,,,
3/5/16,,,,,,,,,,,,
3/4/16,,,,,,,,,,,,
3/3/16,,,,,,,,,,,,
3/2/16,,,,,,,,,,,,
3/1/16,,,,,,,,,,,,
2/29/16,,,,,,,,,,,,
2/28/16,,,,,,,,,,,,
2/27/16,,,,,,,,,,,,
2/26/16,,,,,,,,,,,,
2/25/16,,,,,,,,,,,,
2/24/16,,,,,,,,,,,,
2/23/16,,,,,,,,,,,,
2/22/16,,,,,,,,,,,,
2/21/16,,,,,,,,,,,,
2/20/16,,,,,,,,,,,,
2/19/16,,,,,,,,,,,,
2/18/16,,,,,,,,,,,,
2/17/16,,,,,,,,,,,,
2/16/16,,,,,,,,,,,,
2/15/16,,,,,,,,,,,,
2/14/16,,,,,,,,,,,,
2/13/16,,,,,,,,,,,,
2/12/16,,,,,,,,,,,,
2/11/16,,,,,,,,,,,,
2/10/16,,,,,,,,,,,,
2/9/16,,,,,,,,,,,,
2/8/16,,,,,,,,,,,,
2/7/16,,,,,,,,,,,,
2/6/16,,,,,,,,,,,,
2/5/16,,,,,,,,,,,,
2/4/16,,,,,,,,,,,,
2/3/16,,,,,,,,,,,,
2/2/16,,,,,,,,,,,,
2/1/16,,,,,,,,,,,,
1/31/16,,,,,,,,,,,,
1/30/16,,,,,,,,,,,,
1/29/16,,,,,,,,,,,,
1/28/16,,,,,,,,,,,,
1/27/16,,,,,,,,,,,,
1/26/16,,,,,,,,,,,,
1/25/16,,,,,,,,,,,,
1/24/16,,,,,,,,,,,,
1/23/16,,,,,,,,,,,,
1/22/16,,,,,,,,,,,,
1/21/16,,,,,,,,,,,,
1/20/16,,,,,,,,,,,,
1/19/16,,,,,,,,,,,,
1/18/16,,,,,,,,,,,,
1/17/16,,,,,,,,,,,,
1/16/16,,,,,,,,,,,,
1/15/16,,,,,,,,,,,,
1/14/16,,,,,,,,,,,,
1/13/16,,,,,,,,,,,,
1/12/16,,,,,,,,,,,,
1/11/16,,,,,,,,,,,,
1/10/16,,,,,,,,,,,,
1/9/16,,,,,,,,,,,,
1/8/16,,,,,,,,,,,,
1/7/16,,,,,,,,,,,,
1/6/16,,,,,,,,,,,,
1/5/16,,,,,,,,,,,,
1/4/16,,,,,,,,,,,,
1/3/16,,,,,,,,,,,,
1/2/16,,,,,,,,,,,,
1/1/16,,,,,,,,,,,,
12/31/15,,,,,,,,,,,,
12/30/15,,,,,,,,,,,,
12/29/15,,,,,,,,,,,,
12/28/15,,,,,,,,,,,,
12/27/15,,,,,,,,,,,,
12/26/15,,,,,,,,,,,,
12/25/15,,,,,,,,,,,,
12/24/15,,,,,,,,,,,,
12/23/15,,,,,,,,,,,,
12/22/15,,,,,,,,,,,,
12/21/15,,,,,,,,,,,,
12/20/15,,,,,,,,,,,,
12/19/15,,,,,,,,,,,,
12/18/15,,,,,,,,,,,,
12/17/15,,,,,,,,,,,,
12/16/15,,,,,,,,,,,,
12/15/15,,,,,,,,,,,,
12/14/15,,,,,,,,,,,,
12/13/15,,,,,,,,,,,,
12/12/15,,,,,,,,,,,,
12/11/15,,,,,,,,,,,,
12/10/15,,,,,,,,,,,,
12/9/15,,,,,,,,,,,,
12/8/15,,,,,,,,,,,,
12/7/15,,,,,,,,,,,,
12/6/15,,,,,,,,,,,,
12/5/15,,,,,,,,,,,,
12/4/15,,,,,,,,,,,,
12/3/15,,,,,,,,,,,,
12/2/15,,,,,,,,,,,,
12/1/15,,,,,,,,,,,,
11/30/15,,,,,,,,,,,,
11/29/15,,,,,,,,,,,,
11/28/15,,,,,,,,,,,,
11/27/15,,,,,,,,,,,,
11/26/15,,,,,,,,,,,,
11/25/15,,,,,,,,,,,,
11/24/15,,,,,,,,,,,,
11/23/15,,,,,,,,,,,,
11/22/15,,,,,,,,,,,,
11/21/15,,,,,,,,,,,,
11/20/15,,,,,,,,,,,,
11/19/15,,,,,,,,,,,,
11/18/15,,,,,,,,,,,,
11/17/15,,,,,,,,,,,,
11/16/15,,,,,,,,,,,,
11/15/15,,,,,,,,,,,,
11/14/15,,,,,,,,,,,,
11/13/15,,,,,,,,,,,,
11/12/15,,,,,,,,,,,,
11/11/15,,,,,,,,,,,,
11/10/15,,,,,,,,,,,,
11/9/15,,,,,,,,,,,,
11/8/15,,,,,,,,,,,,
11/7/15,,,,,,,,,,,,
11/6/15,,,,,,,,,,,,
11/5/15,,,,,,,,,,,,
11/4/15,,,,,,,,,,,,
11/3/15,,,,,,,,,,,,
11/2/15,,,,,,,,,,,,
11/1/15,,,,,,,,,,,,
10/31/15,,,,,,,,,,,,
10/30/15,,,,,,,,,,,,
10/29/15,,,,,,,,,,,,
10/28/15,,,,,,,,,,,,
10/27/15,,,,,,,,,,,,
10/26/15,,,,,,,,,,,,
10/25/15,,,,,,,,,,,,
10/24/15,,,,,,,,,,,,
10/23/15,,,,,,,,,,,,
10/22/15,,,,,,,,,,,,
10/21/15,,,,,,,,,,,,
10/20/15,,,,,,,,,,,,
10/19/15,,,,,,,,,,,,
10/18/15,,,,,,,,,,,,
10/17/15,,,,,,,,,,,,
10/16/15,,,,,,,,,,,,
10/15/15,,,,,,,,,,,,
10/14/15,,,,,,,,,,,,
10/13/15,,,,,,,,,,,,
10/12/15,,,,,,,,,,,,
10/11/15,,,,,,,,,,,,
10/10/15,,,,,,,,,,,,
10/9/15,,,,,,,,,,,,
10/8/15,,,,,,,,,,,,
10/7/15,,,,,,,,,,,,
10/6/15,,,,,,,,,,,,
10/5/15,,,,,,,,,,,,
5/22/15,,,,,,,,,,,,
5/20/15,,,,,,,,,,,,
5/19/15,,,,,,,,,,,,
5/18/15,,,,,,,,,,,,
5/16/15,,,,,,,,,,,,
5/14/15,,,,,,,,,,,,
5/12/15,,,,,,,,,,,,
5/8/15,,,,,,,,,,,,
4/29/15,,,,,,,,,,,,
4/27/15,,,,,,,,,,,,
4/26/15,,,,,,,,,,,,
4/25/15,,,,,,,,,,,,
4/24/15,,,,,,,,,,,,
4/23/15,,,,,,,,,,,,
4/22/15,,,,,,,,,,,,
4/21/15,,,,,,,,,,,,
4/20/15,,,,,,,,,,,,
4/19/15,,,,,,,,,,,,
4/18/15,,,,,,,,,,,,
4/17/15,,,,,,,,,,,,
4/16/15,,,,,,,,,,,,
4/15/15,,,,,,,,,,,,
4/14/15,,,,,,,,,,,,
4/13/15,,,,,,,,,,,,
4/12/15,,,,,,,,,,,,
4/11/15,,,,,,,,,,,,
4/10/15,,,,,,,,,,,,
4/9/15,,,,,,,,,,,,
4/8/15,,,,,,,,,,,,
4/7/15,,,,,,,,,,,,
4/6/15,,,,,,,,,,,,
4/5/15,,,,,,,,,,,,
4/4/15,,,,,,,,,,,,
4/3/15,,,,,,,,,,,,
4/2/15,,,,,,,,,,,,
4/1/15,,,,,,,,,,,,
3/31/15,,,,,,,,,,,,
3/29/15,,,,,,,,,,,,
3/28/15,,,,,,,,,,,,
3/27/15,,,,,,,,,,,,
3/22/15,,,,,,,,,,,,
3/21/15,,,,,,,,,,,,
3/20/15,,,,,,,,,,,,
3/19/15,,,,,,,,,,,,
3/18/15,,,,,,,,,,,,
3/17/15,,,,,,,,,,,,
3/16/15,,,,,,,,,,,,
3/15/15,,,,,,,,,,,,
3/14/15,,,,,,,,,,,,
3/13/15,,,,,,,,,,,,
3/12/15,,,,,,,,,,,,
3/11/15,,,,,,,,,,,,
3/10/15,,,,,,,,,,,,
3/9/15,,,,,,,,,,,,
3/8/15,,,,,,,,,,,,
3/7/15,,,,,,,,,,,,
3/6/15,,,,,,,,,,,,
3/5/15,,,,,,,,,,,,
3/4/15,,,,,,,,,,,,
3/3/15,,,,,,,,,,,,
3/2/15,,,,,,,,,,,,
3/1/15,,,,,,,,,,,,
